Date,Covid-19,kovid-19,corona,korona,covid-19 belirtileri,corona belirtileri,kovid-19 belirtileri,covid belirtileri,korona belirtileri,corona belirtisi,korona belirtisi,corona semptomları,covid-19 semptomları,covid-19 virüsü,covid virüsü,corona virüsü,koronavirüs,pandemic,pandemi,karantina,quarantine,covid,kovid,Omicron,delta,omikron,delta belirtileri,varyant,delta virüsü,BioNTech,Turkovac,Sinovac,Sputnik,biontech aşısı,sinovac aşısı,alman aşısı,çin aşısı,türk aşısı,rus aşısı,Covid aşısı,korona aşısı,corona aşısı,covid 19 vaccine,biontech yan etkileri,alman aşısı yan etkileri,çin aşısı yan etkileri,sinovac yan etkileri,kol ağrısı,aşı yan etkileri,corona aşısı yan etkileri,korona aşısı yan etkileri,covid-19 aşısı yan etkileri,sinovac aşısı yan etkileri,sputnik aşısı yan etkileri,turkovac aşısı,Covid-19,kovid-19,corona,korona,covid-19 belirtileri,corona belirtileri,kovid-19 belirtileri,covid belirtileri,korona belirtileri,corona belirtisi,korona belirtisi,corona semptomları,covid-19 semptomları,covid-19 virüsü,covid virüsü,corona virüsü,koronavirüs,pandemic,pandemi,karantina,quarantine,covid,kovid,Omicron,delta,omikron,omicron belirtileri,omikron belirtileri,delta belirtileri,varyant,omicron semptomları,omikron semptomları,omicron öldürür mü,omicron virüsü,delta virüsü,BioNTech,Turkovac,Sinovac,Sputnik,biontech aşısı,sinovac aşısı,alman aşısı,çin aşısı,türk aşısı,rus aşısı,Covid aşısı,korona aşısı,corona aşısı,covid 19 vaccine,biontech yan etkileri,alman aşısı yan etkileri,çin aşısı yan etkileri,sinovac yan etkileri,kol ağrısı,aşı yan etkileri,corona aşısı yan etkileri,korona aşısı yan etkileri,covid-19 aşısı yan etkileri,sinovac aşısı yan etkileri,sputnik aşısı yan etkileri,turkovac aşısı yan etkileri,turkovac aşısı
1/13/2021,16,21,43,32,0,20,0,24,24,0,33,0,0,0,0,24,22,18,7,32,16,37,18,0,30,0,0,0,0,2,0,13,16,3,10,12,34,0,0,15,51,32,0,0,0,50,0,45,4,0,0,0,0,0,0,,,,,,,,,,,,,,,,,,,,,,,,,,,,,,,,,,,,,,,,,,,,,,,,,,,,,,,,,,,,,,
1/14/2021,47,43,46,43,0,8,0,18,5,38,19,0,0,0,0,50,25,56,9,33,17,71,40,0,28,0,0,0,0,4,0,21,28,4,20,27,53,11,8,77,67,59,28,2,0,52,9,16,19,0,0,45,0,0,0,,,,,,,,,,,,,,,,,,,,,,,,,,,,,,,,,,,,,,,,,,,,,,,,,,,,,,,,,,,,,,
1/15/2021,48,22,46,40,0,12,0,11,10,0,24,0,0,0,0,25,24,38,10,34,17,56,33,88,25,0,0,18,0,4,0,17,24,4,9,6,81,5,0,47,78,47,29,0,0,53,0,48,19,0,0,0,0,0,0,,,,,,,,,,,,,,,,,,,,,,,,,,,,,,,,,,,,,,,,,,,,,,,,,,,,,,,,,,,,,,
1/16/2021,33,0,39,39,0,20,0,19,16,21,15,0,0,0,45,45,21,20,11,36,37,38,47,0,24,0,0,19,0,2,0,17,29,1,7,7,27,0,0,25,30,35,30,0,0,28,0,42,0,81,24,0,0,0,0,,,,,,,,,,,,,,,,,,,,,,,,,,,,,,,,,,,,,,,,,,,,,,,,,,,,,,,,,,,,,,
1/17/2021,19,0,37,34,0,13,0,12,16,0,15,0,0,0,0,0,25,0,9,35,0,32,23,0,37,0,0,18,0,2,0,14,17,2,16,3,26,11,0,14,41,48,0,0,0,0,0,57,8,0,23,0,12,0,0,36,44,46,43,5,20,0,15,17,31,18,0,0,0,26,57,38,66,15,23,13,39,28,0,17,0,0,0,0,10,0,0,0,0,0,2,0,10,47,1,9,4,28,13,13,31,27,85,52,0,0,46,6,40,5,28,9,0,17,0,0,0
1/18/2021,20,22,35,36,0,18,0,16,20,0,19,0,0,0,0,8,21,19,13,18,0,37,18,0,28,0,0,18,0,1,0,9,25,1,9,6,28,5,0,21,25,33,85,0,0,26,9,39,11,0,22,0,11,0,0,,,,,,,,,,,,,,,,,,,,,,,,,,,,,,,,,,,,,,,,,,,,,,,,,,,,,,,,,,,,,,
1/19/2021,27,0,45,36,0,12,0,11,15,0,15,0,0,0,0,33,22,38,7,28,0,33,22,0,45,0,0,18,0,1,0,10,12,2,8,0,16,0,8,24,50,40,28,0,0,0,9,39,4,0,22,0,0,0,0,,,,,,,,,,,,,,,,,,,,,,,,,,,,,,,,,,,,,,,,,,,,,,,,,,,,,,,,,,,,,,
1/20/2021,36,21,39,28,0,20,0,20,20,38,23,0,0,0,0,16,21,73,12,36,0,34,32,0,27,0,0,17,0,1,0,5,28,2,3,9,15,0,0,17,9,32,0,0,0,25,0,38,0,0,0,0,0,0,0,,,,,,,,,,,,,,,,,,,,,,,,,,,,,,,,,,,,,,,,,,,,,,,,,,,,,,,,,,,,,,
1/21/2021,17,22,26,35,17,16,0,20,5,58,29,0,0,0,0,17,19,38,12,40,0,35,15,0,28,0,0,18,0,1,0,4,12,1,5,0,10,0,0,18,22,26,0,2,0,0,18,24,4,0,22,0,11,0,0,,,,,,,,,,,,,,,,,,,,,,,,,,,,,,,,,,,,,,,,,,,,,,,,,,,,,,,,,,,,,,
1/22/2021,26,0,36,28,0,19,0,7,10,0,10,0,0,0,0,9,31,58,13,47,18,28,34,0,23,0,0,18,0,0,0,2,19,1,0,0,13,0,8,21,32,27,0,0,0,0,0,24,4,0,0,0,12,0,0,,,,,,,,,,,,,,,,,,,,,,,,,,,,,,,,,,,,,,,,,,,,,,,,,,,,,,,,,,,,,,
1/23/2021,27,0,32,40,0,21,0,15,17,0,16,0,0,0,47,28,23,0,10,51,0,32,37,0,19,0,0,20,0,1,0,4,57,1,5,7,18,18,37,6,17,37,32,0,0,0,0,26,0,0,0,0,13,0,0,,,,,,,,,,,,,,,,,,,,,,,,,,,,,,,,,,,,,,,,,,,,,,,,,,,,,,,,,,,,,,
1/24/2021,19,0,42,35,0,18,0,12,6,43,5,0,0,0,47,9,21,0,10,37,19,30,20,0,31,0,0,20,0,1,0,3,15,1,3,3,18,6,9,7,20,15,31,0,0,0,0,43,0,0,25,0,0,0,0,37,23,45,49,5,24,0,20,16,18,19,0,0,0,14,50,38,50,18,24,61,42,31,0,16,0,0,0,0,20,0,0,0,0,0,1,0,4,45,1,5,1,15,14,9,23,27,61,46,0,0,0,5,52,4,0,10,0,0,0,0,0
1/25/2021,26,23,40,33,0,23,0,5,21,60,10,0,0,0,0,26,21,19,11,41,0,35,19,0,26,0,0,37,0,0,0,2,23,0,0,0,7,0,0,12,22,20,29,0,0,0,0,81,0,0,0,0,0,0,0,,,,,,,,,,,,,,,,,,,,,,,,,,,,,,,,,,,,,,,,,,,,,,,,,,,,,,,,,,,,,,
1/26/2021,23,0,33,35,18,17,0,7,16,0,20,0,0,0,0,26,29,20,9,51,18,36,11,0,29,0,0,0,0,1,0,2,19,0,5,6,13,0,0,14,26,27,0,0,0,0,0,16,0,0,0,0,0,0,0,,,,,,,,,,,,,,,,,,,,,,,,,,,,,,,,,,,,,,,,,,,,,,,,,,,,,,,,,,,,,,
1/27/2021,21,0,38,40,0,11,0,14,16,20,15,0,0,0,0,9,20,0,16,26,18,38,19,0,50,0,0,19,0,1,0,2,12,1,0,0,3,0,0,15,42,55,0,0,0,0,0,16,4,0,23,0,0,0,0,,,,,,,,,,,,,,,,,,,,,,,,,,,,,,,,,,,,,,,,,,,,,,,,,,,,,,,,,,,,,,
1/28/2021,31,0,42,37,0,15,0,14,16,41,10,0,0,0,45,27,25,40,14,10,0,38,16,0,42,0,0,19,0,0,0,3,18,1,8,0,14,6,0,10,43,49,0,0,0,0,0,17,0,0,24,0,12,0,0,,,,,,,,,,,,,,,,,,,,,,,,,,,,,,,,,,,,,,,,,,,,,,,,,,,,,,,,,,,,,,
1/29/2021,29,0,40,32,0,22,0,22,16,0,10,0,0,0,0,27,21,0,12,46,0,38,31,0,48,0,0,38,0,0,0,1,35,0,3,0,17,0,0,17,37,28,0,0,0,0,0,17,0,0,24,0,0,0,0,,,,,,,,,,,,,,,,,,,,,,,,,,,,,,,,,,,,,,,,,,,,,,,,,,,,,,,,,,,,,,
1/30/2021,33,0,46,30,0,9,0,17,27,0,21,0,0,0,46,9,28,41,9,36,37,31,16,0,24,0,0,39,0,1,0,2,15,1,2,3,7,12,0,10,27,0,31,0,0,0,0,42,0,0,0,0,0,0,0,,,,,,,,,,,,,,,,,,,,,,,,,,,,,,,,,,,,,,,,,,,,,,,,,,,,,,,,,,,,,,
1/31/2021,23,0,42,33,0,28,0,15,17,22,11,0,0,0,0,47,33,64,13,48,19,33,25,0,38,0,0,20,0,0,0,2,13,0,2,0,7,6,0,16,31,30,0,0,0,30,0,44,13,0,0,0,0,0,0,31,24,47,46,5,24,0,17,32,33,35,52,0,0,28,65,38,45,15,23,42,37,25,0,17,0,0,0,0,25,0,0,0,0,0,1,0,3,47,1,2,1,12,4,7,21,25,60,9,0,0,8,2,45,5,0,10,0,5,0,0,0
2/1/2021,25,0,46,36,0,17,0,24,11,0,20,0,0,0,0,35,24,20,11,42,0,32,23,0,24,0,0,0,0,0,0,1,13,1,0,0,3,0,9,12,16,21,30,0,0,0,0,50,4,0,0,0,0,0,0,,,,,,,,,,,,,,,,,,,,,,,,,,,,,,,,,,,,,,,,,,,,,,,,,,,,,,,,,,,,,,
2/2/2021,26,23,34,29,0,28,0,19,21,0,15,0,0,0,0,9,18,0,8,32,0,30,34,0,32,0,0,0,0,1,0,2,19,1,0,0,7,0,0,12,10,7,59,0,0,0,0,49,0,0,23,0,0,0,0,,,,,,,,,,,,,,,,,,,,,,,,,,,,,,,,,,,,,,,,,,,,,,,,,,,,,,,,,,,,,,
2/3/2021,24,0,41,38,0,34,0,27,17,43,27,0,0,0,0,28,22,21,10,54,19,38,16,96,43,0,0,39,0,0,0,2,30,0,0,0,0,0,0,13,24,29,0,0,0,0,0,17,0,0,0,0,0,0,0,,,,,,,,,,,,,,,,,,,,,,,,,,,,,,,,,,,,,,,,,,,,,,,,,,,,,,,,,,,,,,
2/4/2021,25,0,48,36,20,16,0,8,34,0,27,0,0,0,0,28,24,0,11,21,38,29,8,0,34,0,0,20,0,1,0,2,15,0,0,3,11,0,18,16,35,15,0,0,0,0,0,27,0,0,0,0,0,0,0,,,,,,,,,,,,,,,,,,,,,,,,,,,,,,,,,,,,,,,,,,,,,,,,,,,,,,,,,,,,,,
2/5/2021,19,25,37,28,20,25,0,8,17,44,49,0,0,0,0,9,17,21,9,35,19,25,8,0,41,0,0,20,0,1,0,2,13,1,2,0,4,0,0,14,14,7,0,0,0,0,10,44,0,0,25,0,0,0,0,,,,,,,,,,,,,,,,,,,,,,,,,,,,,,,,,,,,,,,,,,,,,,,,,,,,,,,,,,,,,,
2/6/2021,18,0,32,28,0,13,0,17,16,42,26,51,0,93,0,54,16,0,8,36,37,26,12,0,24,0,0,19,0,0,0,2,18,0,3,0,0,0,0,8,20,21,31,0,0,0,0,51,4,0,0,0,0,0,0,,,,,,,,,,,,,,,,,,,,,,,,,,,,,,,,,,,,,,,,,,,,,,,,,,,,,,,,,,,,,,
2/7/2021,20,0,32,35,20,10,0,10,6,45,23,0,0,100,49,29,19,22,12,53,20,36,21,0,29,0,0,21,0,0,0,1,28,0,0,4,7,0,0,11,18,23,33,0,0,0,0,64,4,89,0,0,0,0,0,35,0,42,46,15,24,0,19,18,33,41,52,0,88,41,61,33,83,14,25,27,45,35,0,13,0,0,0,0,33,0,0,0,0,0,1,0,3,44,0,3,3,11,6,2,28,33,59,19,0,0,25,3,44,3,29,10,0,0,0,0,0
2/8/2021,20,0,28,29,0,18,0,17,49,21,26,0,0,0,0,27,15,20,9,36,18,33,20,0,27,0,0,38,0,0,0,2,15,1,0,0,3,0,0,7,10,0,0,0,0,0,0,34,0,0,0,0,0,0,0,,,,,,,,,,,,,,,,,,,,,,,,,,,,,,,,,,,,,,,,,,,,,,,,,,,,,,,,,,,,,,
2/9/2021,24,0,29,30,19,15,0,14,22,0,10,0,0,0,0,27,15,0,11,29,0,29,8,0,30,0,0,38,0,0,0,1,22,1,2,3,10,6,9,8,20,21,0,0,0,0,0,34,0,0,0,0,0,0,0,,,,,,,,,,,,,,,,,,,,,,,,,,,,,,,,,,,,,,,,,,,,,,,,,,,,,,,,,,,,,,
2/10/2021,18,0,35,32,0,28,0,12,16,0,20,0,0,0,0,35,21,20,9,42,36,32,27,0,32,0,0,56,0,2,0,3,27,1,0,0,7,0,9,15,20,7,0,0,0,0,0,25,0,0,0,0,0,0,0,,,,,,,,,,,,,,,,,,,,,,,,,,,,,,,,,,,,,,,,,,,,,,,,,,,,,,,,,,,,,,
2/11/2021,29,0,45,39,0,22,0,17,11,21,21,0,0,0,0,0,22,61,11,43,0,46,20,0,45,0,0,58,0,1,0,2,24,1,2,3,24,12,0,25,43,35,31,0,0,28,0,42,4,0,24,0,0,0,0,,,,,,,,,,,,,,,,,,,,,,,,,,,,,,,,,,,,,,,,,,,,,,,,,,,,,,,,,,,,,,
2/12/2021,24,0,35,38,0,27,0,17,22,21,42,0,0,0,0,36,17,61,11,43,56,48,40,0,27,0,0,0,0,1,0,2,13,0,2,0,14,12,0,40,37,21,31,0,0,85,30,9,0,0,24,0,0,0,0,,,,,,,,,,,,,,,,,,,,,,,,,,,,,,,,,,,,,,,,,,,,,,,,,,,,,,,,,,,,,,
2/13/2021,16,23,45,38,0,26,0,10,27,21,46,0,0,0,0,9,19,20,9,26,0,33,12,0,21,0,0,0,0,0,0,1,18,0,5,3,3,0,0,20,36,35,0,0,0,0,0,34,0,0,0,0,0,0,0,,,,,,,,,,,,,,,,,,,,,,,,,,,,,,,,,,,,,,,,,,,,,,,,,,,,,,,,,,,,,,
2/14/2021,43,24,28,33,0,5,0,15,22,64,11,0,0,0,0,37,23,0,7,68,19,30,4,0,31,0,0,20,0,0,0,2,34,1,2,3,7,6,0,10,27,15,31,0,0,58,0,17,0,84,0,0,0,0,0,50,23,41,50,14,20,0,16,17,27,28,0,0,0,13,48,40,43,14,24,33,40,35,0,17,0,0,0,0,6,0,0,0,0,0,1,0,4,40,1,3,1,14,0,0,29,30,79,62,0,0,16,2,47,1,28,14,0,0,0,0,0
2/15/2021,40,0,36,36,17,20,0,9,5,0,24,0,0,0,0,25,23,37,12,42,17,41,25,0,19,0,0,35,0,1,0,4,24,2,2,0,13,0,0,25,40,26,0,0,0,0,0,8,7,0,0,0,0,0,0,,,,,,,,,,,,,,,,,,,,,,,,,,,,,,,,,,,,,,,,,,,,,,,,,,,,,,,,,,,,,,
2/16/2021,29,22,38,43,18,14,0,7,5,0,20,0,0,0,0,0,25,19,12,46,17,39,18,0,37,0,0,18,0,1,0,4,15,0,0,0,0,0,0,22,28,33,29,0,0,0,9,40,8,0,0,0,0,0,0,,,,,,,,,,,,,,,,,,,,,,,,,,,,,,,,,,,,,,,,,,,,,,,,,,,,,,,,,,,,,,
2/17/2021,34,22,42,38,18,19,0,9,15,20,10,0,0,0,43,42,20,0,12,9,0,32,7,0,25,0,0,18,0,1,0,1,14,1,2,0,26,5,0,18,13,27,0,0,0,0,0,40,4,0,0,0,0,0,0,,,,,,,,,,,,,,,,,,,,,,,,,,,,,,,,,,,,,,,,,,,,,,,,,,,,,,,,,,,,,,
2/18/2021,42,0,36,33,18,19,0,7,26,20,35,0,0,0,0,9,30,77,9,31,0,33,19,0,52,0,0,18,0,0,0,2,23,1,3,3,7,6,0,19,25,20,29,0,0,0,0,24,0,0,0,0,0,0,0,,,,,,,,,,,,,,,,,,,,,,,,,,,,,,,,,,,,,,,,,,,,,,,,,,,,,,,,,,,,,,
2/19/2021,20,0,34,36,18,9,0,16,10,0,10,0,0,0,0,26,30,0,9,29,18,37,19,0,17,0,0,0,0,0,0,1,12,0,2,3,7,0,9,16,19,14,59,0,0,0,0,33,4,0,0,0,0,0,0,,,,,,,,,,,,,,,,,,,,,,,,,,,,,,,,,,,,,,,,,,,,,,,,,,,,,,,,,,,,,,
2/20/2021,17,24,40,32,0,30,0,20,11,0,27,0,0,0,0,19,24,42,9,24,0,31,20,0,31,0,0,0,0,0,0,3,26,0,5,0,4,0,0,17,34,44,0,0,0,0,10,0,0,0,0,0,0,0,0,,,,,,,,,,,,,,,,,,,,,,,,,,,,,,,,,,,,,,,,,,,,,,,,,,,,,,,,,,,,,,
2/21/2021,33,0,35,39,0,23,0,16,23,0,33,0,0,0,0,29,35,43,10,42,0,26,4,0,19,0,0,21,0,0,0,4,16,0,2,0,7,0,0,11,36,30,0,0,0,0,11,27,4,0,0,0,0,0,0,49,23,46,54,15,30,0,25,18,23,30,0,0,87,0,39,51,63,15,28,27,43,40,0,17,0,0,0,0,7,0,0,0,0,0,1,0,3,43,0,3,3,18,6,2,23,27,42,46,0,0,8,10,37,5,0,10,0,4,0,0,0
2/22/2021,47,22,39,34,0,21,0,23,0,0,5,0,0,0,0,34,34,0,10,31,35,42,30,0,20,0,0,18,0,1,0,1,17,1,5,3,0,6,0,29,47,20,58,0,0,27,0,16,0,78,0,0,0,0,0,,,,,,,,,,,,,,,,,,,,,,,,,,,,,,,,,,,,,,,,,,,,,,,,,,,,,,,,,,,,,,
2/23/2021,40,0,38,45,19,37,0,14,27,0,31,0,0,0,0,9,30,80,11,46,0,44,12,0,42,0,0,0,0,0,0,1,13,1,7,0,17,0,0,10,23,14,0,0,0,0,0,8,4,0,0,0,0,0,0,,,,,,,,,,,,,,,,,,,,,,,,,,,,,,,,,,,,,,,,,,,,,,,,,,,,,,,,,,,,,,
2/24/2021,44,0,30,32,18,15,0,19,10,40,35,0,0,0,0,26,33,20,11,35,18,37,23,0,35,0,0,0,0,0,0,2,28,0,3,0,7,0,0,14,29,21,30,0,0,0,0,16,12,0,23,0,0,0,0,,,,,,,,,,,,,,,,,,,,,,,,,,,,,,,,,,,,,,,,,,,,,,,,,,,,,,,,,,,,,,
2/25/2021,31,0,37,44,18,19,0,44,31,0,10,0,0,88,0,26,31,19,8,44,0,39,34,0,43,0,0,0,0,3,0,2,28,2,6,3,13,0,0,14,16,27,29,0,0,0,9,16,4,0,23,0,12,0,0,,,,,,,,,,,,,,,,,,,,,,,,,,,,,,,,,,,,,,,,,,,,,,,,,,,,,,,,,,,,,,
2/26/2021,20,23,33,44,0,30,0,24,11,21,21,0,0,0,0,0,27,100,10,45,0,36,19,0,50,0,0,38,0,1,0,3,14,1,3,0,30,0,0,12,26,21,30,0,0,0,0,33,4,0,0,0,0,0,0,,,,,,,,,,,,,,,,,,,,,,,,,,,,,,,,,,,,,,,,,,,,,,,,,,,,,,,,,,,,,,
2/27/2021,34,0,41,49,0,23,0,20,22,22,38,0,0,0,0,37,34,0,8,48,19,33,33,97,37,0,0,0,0,1,0,3,23,0,2,0,4,0,0,16,24,15,0,0,0,0,0,53,0,0,0,0,0,0,0,,,,,,,,,,,,,,,,,,,,,,,,,,,,,,,,,,,,,,,,,,,,,,,,,,,,,,,,,,,,,,
2/28/2021,35,0,43,39,0,31,0,22,11,43,37,0,0,94,0,18,30,21,9,27,0,31,28,0,34,0,0,20,0,1,0,2,35,0,3,3,24,6,0,11,17,0,0,0,0,0,10,35,4,0,0,0,0,0,0,71,12,66,70,35,35,0,26,32,28,44,0,0,0,14,49,87,50,17,26,40,53,42,0,15,0,0,0,0,18,0,0,0,0,0,1,0,6,41,1,8,2,18,4,0,12,16,26,55,0,0,24,5,42,6,0,10,0,4,0,0,0
3/1/2021,78,0,92,97,17,16,0,22,30,0,38,0,0,0,42,67,94,56,17,52,17,72,22,0,14,0,0,18,0,0,0,2,24,0,3,0,13,5,0,9,9,26,28,2,0,0,0,23,0,0,0,0,0,0,0,,,,,,,,,,,,,,,,,,,,,,,,,,,,,,,,,,,,,,,,,,,,,,,,,,,,,,,,,,,,,,
3/2/2021,58,22,58,45,18,32,0,19,26,0,30,0,0,0,44,17,41,0,11,50,0,41,30,0,46,0,0,18,0,0,0,6,30,1,8,0,3,0,0,9,25,0,59,0,0,0,9,32,8,0,23,0,0,0,0,,,,,,,,,,,,,,,,,,,,,,,,,,,,,,,,,,,,,,,,,,,,,,,,,,,,,,,,,,,,,,
3/3/2021,35,0,47,39,0,32,0,14,36,20,45,0,0,0,0,35,41,39,11,44,0,31,23,0,35,0,0,18,0,1,0,12,12,0,17,6,23,6,0,9,22,14,0,0,0,0,10,41,0,0,0,0,0,0,0,,,,,,,,,,,,,,,,,,,,,,,,,,,,,,,,,,,,,,,,,,,,,,,,,,,,,,,,,,,,,,
3/4/2021,51,45,50,45,0,40,0,26,10,20,10,0,0,89,0,26,38,39,8,28,0,45,42,0,29,0,0,37,0,2,0,6,11,1,3,0,7,6,0,8,10,20,59,0,0,0,0,16,4,0,23,0,0,0,0,,,,,,,,,,,,,,,,,,,,,,,,,,,,,,,,,,,,,,,,,,,,,,,,,,,,,,,,,,,,,,
3/5/2021,24,0,49,34,0,29,0,27,28,21,11,0,0,0,0,9,33,0,10,44,19,42,32,0,34,0,0,0,0,0,0,3,13,0,5,0,7,0,0,8,24,7,0,0,0,0,0,9,8,0,25,0,0,0,0,,,,,,,,,,,,,,,,,,,,,,,,,,,,,,,,,,,,,,,,,,,,,,,,,,,,,,,,,,,,,,
3/6/2021,48,0,57,58,21,19,0,24,41,23,46,0,0,0,100,30,64,66,6,58,0,52,39,0,30,0,0,42,0,0,0,2,6,0,0,0,11,0,0,11,22,31,33,0,0,31,0,0,0,0,0,0,0,0,0,,,,,,,,,,,,,,,,,,,,,,,,,,,,,,,,,,,,,,,,,,,,,,,,,,,,,,,,,,,,,,
3/7/2021,43,0,59,68,20,35,0,38,29,44,33,0,0,98,0,10,57,21,9,24,39,46,21,0,25,0,0,0,0,1,0,1,21,1,2,0,7,0,0,4,14,15,65,0,0,0,0,36,0,0,0,0,0,0,0,68,35,62,67,35,37,0,36,23,41,57,0,0,0,0,34,76,38,12,22,40,52,32,0,18,0,0,0,1,7,0,0,0,0,0,1,0,3,46,0,5,1,5,2,4,13,20,50,46,0,0,0,2,35,2,0,5,0,0,0,0,0
3/8/2021,55,22,62,54,0,21,0,28,31,20,44,0,0,0,0,60,34,58,12,25,0,42,30,0,26,0,0,18,0,0,0,2,19,0,5,0,10,0,0,8,13,40,0,0,0,0,0,40,0,0,0,0,11,0,0,,,,,,,,,,,,,,,,,,,,,,,,,,,,,,,,,,,,,,,,,,,,,,,,,,,,,,,,,,,,,,
3/9/2021,44,23,47,51,36,34,0,38,26,20,60,0,0,0,0,35,40,0,11,45,18,41,23,0,49,0,0,0,0,0,0,1,23,0,3,0,0,0,17,6,23,14,0,0,0,0,0,0,0,0,23,0,0,0,0,,,,,,,,,,,,,,,,,,,,,,,,,,,,,,,,,,,,,,,,,,,,,,,,,,,,,,,,,,,,,,
3/10/2021,47,0,48,54,0,52,0,14,21,40,40,0,0,0,0,26,30,0,8,25,18,42,19,0,26,0,0,37,0,1,0,2,19,1,3,0,10,0,0,7,25,7,29,0,0,0,0,48,4,0,0,0,0,0,0,,,,,,,,,,,,,,,,,,,,,,,,,,,,,,,,,,,,,,,,,,,,,,,,,,,,,,,,,,,,,,
3/11/2021,35,0,59,46,0,36,0,46,15,20,45,0,0,0,43,9,48,58,13,28,35,43,19,0,26,0,0,37,0,0,0,1,23,1,0,0,3,0,8,12,25,13,29,0,0,0,0,16,4,0,0,0,0,0,0,,,,,,,,,,,,,,,,,,,,,,,,,,,,,,,,,,,,,,,,,,,,,,,,,,,,,,,,,,,,,,
3/12/2021,25,0,40,47,19,31,0,26,38,21,36,0,0,0,0,36,53,40,9,33,0,46,8,0,36,0,0,0,0,1,0,1,27,1,3,0,0,6,0,7,10,7,0,0,0,0,0,25,0,0,0,0,12,0,0,,,,,,,,,,,,,,,,,,,,,,,,,,,,,,,,,,,,,,,,,,,,,,,,,,,,,,,,,,,,,,
3/13/2021,37,0,51,45,0,35,0,44,18,23,59,0,0,0,0,0,50,0,6,18,0,38,31,0,34,0,0,0,0,1,0,5,18,1,0,7,12,0,0,4,15,16,34,0,0,0,0,19,0,0,0,0,0,0,0,,,,,,,,,,,,,,,,,,,,,,,,,,,,,,,,,,,,,,,,,,,,,,,,,,,,,,,,,,,,,,
3/14/2021,44,0,62,54,0,56,0,33,29,22,49,0,0,0,48,10,55,86,9,24,19,42,42,0,32,0,0,20,0,1,0,4,19,2,2,0,7,6,0,7,18,7,65,0,0,0,0,27,0,0,25,0,0,0,0,55,55,65,67,38,51,0,44,32,100,66,0,0,0,13,62,86,42,11,26,76,57,49,0,15,0,0,0,0,12,0,0,0,0,0,2,0,3,48,1,3,6,9,7,6,12,29,30,9,0,21,15,6,46,5,0,14,0,0,0,0,0
3/15/2021,71,19,51,69,0,43,0,42,38,49,53,0,0,0,0,21,64,16,11,36,44,58,43,0,26,0,0,0,0,1,0,2,10,0,4,3,11,9,0,10,26,17,24,0,0,0,0,20,0,0,19,39,0,0,0,,,,,,,,,,,,,,,,,,,,,,,,,,,,,,,,,,,,,,,,,,,,,,,,,,,,,,,,,,,,,,
3/16/2021,29,0,48,55,32,50,0,33,28,35,35,0,0,0,39,31,43,17,12,28,0,43,17,0,46,0,0,16,0,1,0,2,25,1,3,0,3,0,0,7,20,18,0,0,0,24,0,14,0,0,0,0,0,0,0,,,,,,,,,,,,,,,,,,,,,,,,,,,,,,,,,,,,,,,,,,,,,,,,,,,,,,,,,,,,,,
3/17/2021,47,0,47,46,36,38,0,49,36,20,65,0,0,0,0,9,47,0,8,47,0,47,26,0,29,0,0,18,0,1,0,1,21,0,0,6,13,0,0,6,22,7,0,0,0,0,10,24,4,0,0,0,0,0,0,,,,,,,,,,,,,,,,,,,,,,,,,,,,,,,,,,,,,,,,,,,,,,,,,,,,,,,,,,,,,,
3/18/2021,40,22,64,40,36,50,0,42,26,40,45,0,0,0,0,34,49,0,9,41,18,46,38,0,52,0,0,0,0,3,0,2,23,4,2,3,20,6,17,9,16,7,0,2,21,0,0,8,0,0,0,0,0,0,0,,,,,,,,,,,,,,,,,,,,,,,,,,,,,,,,,,,,,,,,,,,,,,,,,,,,,,,,,,,,,,
3/19/2021,37,0,51,40,18,42,0,44,47,40,65,0,0,0,0,9,43,39,7,38,0,51,45,0,17,0,0,18,0,2,0,3,21,2,3,0,13,0,0,12,22,14,0,0,0,0,0,32,8,0,0,0,0,0,0,,,,,,,,,,,,,,,,,,,,,,,,,,,,,,,,,,,,,,,,,,,,,,,,,,,,,,,,,,,,,,
3/20/2021,45,0,62,63,0,70,0,49,23,22,39,0,0,0,0,0,33,0,7,24,39,47,42,0,25,0,0,20,0,2,0,1,27,2,3,0,4,0,0,5,7,15,0,0,0,0,11,45,4,0,0,0,0,0,0,,,,,,,,,,,,,,,,,,,,,,,,,,,,,,,,,,,,,,,,,,,,,,,,,,,,,,,,,,,,,,
3/21/2021,51,0,62,53,19,48,0,68,27,62,31,0,0,0,0,27,42,20,6,13,18,45,43,0,33,0,46,19,0,1,0,2,36,1,0,3,17,6,0,8,7,14,0,0,0,0,0,59,0,0,0,0,0,0,0,67,45,65,65,43,68,0,59,52,44,69,0,0,0,13,100,100,54,11,28,13,66,52,0,16,0,0,0,0,4,0,0,0,0,0,4,0,4,40,5,4,4,14,8,2,34,19,30,35,1,0,16,6,40,9,56,0,0,4,0,0,0
3/22/2021,46,0,60,55,16,42,0,70,56,0,63,0,0,0,40,24,48,53,10,29,0,56,27,0,26,0,0,17,0,1,0,1,21,2,3,0,9,0,0,11,26,19,0,0,0,0,9,15,7,0,0,0,0,0,0,,,,,,,,,,,,,,,,,,,,,,,,,,,,,,,,,,,,,,,,,,,,,,,,,,,,,,,,,,,,,,
3/23/2021,44,21,65,48,0,45,0,41,24,74,56,0,0,0,41,40,61,18,10,38,16,75,56,0,27,0,0,34,0,0,0,2,33,1,1,0,6,0,8,100,6,6,27,0,0,0,18,23,4,0,0,0,11,0,0,,,,,,,,,,,,,,,,,,,,,,,,,,,,,,,,,,,,,,,,,,,,,,,,,,,,,,,,,,,,,,
3/24/2021,56,21,48,47,34,37,0,46,19,37,56,0,0,0,0,56,44,0,6,62,0,52,28,0,11,0,0,17,0,4,0,2,18,7,3,6,6,5,0,17,21,6,0,3,0,0,0,8,7,0,0,0,0,0,0,,,,,,,,,,,,,,,,,,,,,,,,,,,,,,,,,,,,,,,,,,,,,,,,,,,,,,,,,,,,,,
3/25/2021,77,0,76,54,35,51,0,43,50,39,29,0,0,0,0,34,100,75,9,43,17,49,37,0,25,0,0,18,0,6,0,4,12,12,2,3,16,0,0,9,22,0,0,0,0,0,0,63,8,0,0,0,0,0,0,,,,,,,,,,,,,,,,,,,,,,,,,,,,,,,,,,,,,,,,,,,,,,,,,,,,,,,,,,,,,,
3/26/2021,61,0,63,48,90,55,0,58,57,0,35,0,0,0,44,9,59,39,8,70,0,53,38,0,32,0,0,18,0,3,0,2,14,7,0,3,13,6,0,5,16,7,0,4,0,0,0,33,0,0,0,0,0,0,0,,,,,,,,,,,,,,,,,,,,,,,,,,,,,,,,,,,,,,,,,,,,,,,,,,,,,,,,,,,,,,
3/27/2021,51,25,68,44,20,64,0,73,52,45,56,0,0,0,0,10,50,22,9,49,20,48,30,0,32,0,0,0,0,3,0,2,20,5,4,0,11,0,0,7,32,15,33,2,0,0,0,9,0,0,0,0,0,0,0,,,,,,,,,,,,,,,,,,,,,,,,,,,,,,,,,,,,,,,,,,,,,,,,,,,,,,,,,,,,,,
3/28/2021,56,0,80,60,43,50,0,58,43,71,77,0,0,0,0,71,49,23,6,78,21,77,31,0,31,0,0,0,0,9,0,4,27,11,7,11,12,0,0,30,49,24,0,6,0,0,0,38,5,0,0,0,0,0,0,86,47,85,84,100,84,0,71,82,55,84,0,0,0,68,71,82,69,15,37,54,87,87,0,16,0,0,0,0,22,0,0,0,0,0,14,0,26,45,21,32,21,48,8,2,27,41,74,28,5,0,24,18,34,15,0,15,0,31,0,0,0
3/29/2021,71,0,77,81,18,58,0,80,61,59,59,0,0,0,0,25,55,19,11,68,0,85,55,0,45,0,0,18,0,4,0,9,22,9,9,3,26,5,0,27,38,20,29,0,0,0,9,56,0,0,45,0,0,0,0,,,,,,,,,,,,,,,,,,,,,,,,,,,,,,,,,,,,,,,,,,,,,,,,,,,,,,,,,,,,,,
3/30/2021,77,0,92,65,53,64,0,52,60,39,73,0,0,0,0,25,46,0,11,58,0,66,51,0,25,0,0,0,0,12,0,16,27,14,15,9,32,0,8,19,50,33,0,2,0,26,28,8,0,0,67,0,11,0,0,,,,,,,,,,,,,,,,,,,,,,,,,,,,,,,,,,,,,,,,,,,,,,,,,,,,,,,,,,,,,,
3/31/2021,37,0,74,66,73,56,0,66,79,81,51,0,0,0,0,35,50,59,12,58,0,75,54,0,32,0,0,37,0,22,0,26,18,29,43,13,20,17,0,27,36,34,30,4,22,55,19,25,4,0,47,0,12,0,0,,,,,,,,,,,,,,,,,,,,,,,,,,,,,,,,,,,,,,,,,,,,,,,,,,,,,,,,,,,,,,
4/1/2021,64,23,73,59,18,52,0,62,95,82,66,0,0,0,0,26,34,20,12,71,18,78,54,0,12,0,0,38,0,11,0,16,30,13,27,23,27,6,0,21,49,21,30,9,22,55,29,17,4,0,24,0,35,0,0,,,,,,,,,,,,,,,,,,,,,,,,,,,,,,,,,,,,,,,,,,,,,,,,,,,,,,,,,,,,,,
4/2/2021,56,0,72,60,39,47,0,40,55,43,53,0,0,0,0,9,48,42,7,40,38,73,57,0,31,0,0,20,0,13,0,19,21,17,22,24,39,0,0,17,14,22,0,0,0,0,31,17,4,0,0,0,0,0,0,,,,,,,,,,,,,,,,,,,,,,,,,,,,,,,,,,,,,,,,,,,,,,,,,,,,,,,,,,,,,,
4/3/2021,89,0,79,67,61,59,0,57,47,67,84,0,0,0,0,10,47,22,10,60,20,83,64,0,26,0,0,0,0,15,0,25,18,20,21,25,52,0,0,13,50,46,0,10,0,30,21,55,4,0,26,0,26,0,0,,,,,,,,,,,,,,,,,,,,,,,,,,,,,,,,,,,,,,,,,,,,,,,,,,,,,,,,,,,,,,
4/4/2021,74,100,96,72,100,89,0,67,40,67,77,0,0,0,0,67,47,65,9,52,0,75,46,0,29,0,0,0,0,10,0,18,21,5,26,25,58,0,0,21,35,15,33,6,0,30,42,18,13,0,26,0,26,0,0,100,58,100,100,99,100,0,100,100,82,100,51,41,0,41,86,87,50,15,51,60,100,100,0,17,0,0,0,0,24,0,0,0,0,0,13,0,32,46,10,35,25,49,10,4,30,35,60,9,10,22,32,27,54,19,29,10,0,40,0,0,0
4/5/2021,62,0,67,59,34,62,0,60,84,19,90,0,0,0,0,41,36,0,11,81,0,68,47,0,38,0,0,18,0,12,0,21,32,16,14,24,34,0,0,28,21,32,0,8,21,0,18,39,7,0,22,45,0,0,0,,,,,,,,,,,,,,,,,,,,,,,,,,,,,,,,,,,,,,,,,,,,,,,,,,,,,,,,,,,,,,
4/6/2021,54,0,95,69,72,76,0,93,73,40,100,49,0,0,0,60,48,19,10,98,18,86,83,0,40,0,0,18,0,13,0,29,23,11,30,29,36,6,0,26,58,34,0,9,22,54,57,65,15,0,46,0,70,0,0,,,,,,,,,,,,,,,,,,,,,,,,,,,,,,,,,,,,,,,,,,,,,,,,,,,,,,,,,,,,,,
4/7/2021,69,0,97,100,55,77,0,75,100,41,91,0,0,0,44,44,64,0,12,83,54,100,73,0,35,0,0,19,0,13,0,22,21,10,22,10,17,11,0,20,36,34,0,11,0,0,19,25,16,0,23,0,0,0,0,,,,,,,,,,,,,,,,,,,,,,,,,,,,,,,,,,,,,,,,,,,,,,,,,,,,,,,,,,,,,,
4/8/2021,100,0,100,95,72,59,0,100,78,100,70,0,0,0,0,43,64,78,9,57,0,84,60,0,35,0,0,0,0,8,0,12,31,6,9,3,26,0,17,17,32,20,29,4,0,0,10,32,15,79,0,0,23,0,0,,,,,,,,,,,,,,,,,,,,,,,,,,,,,,,,,,,,,,,,,,,,,,,,,,,,,,,,,,,,,,
4/9/2021,60,0,88,79,36,87,0,73,63,81,60,0,95,0,88,44,49,20,11,51,36,77,72,0,23,0,0,19,0,6,0,20,28,5,16,10,20,11,9,15,26,14,0,4,22,27,29,25,8,0,23,0,0,0,0,,,,,,,,,,,,,,,,,,,,,,,,,,,,,,,,,,,,,,,,,,,,,,,,,,,,,,,,,,,,,,
4/10/2021,83,49,82,81,39,75,0,93,78,87,76,0,0,0,95,19,44,63,10,51,0,83,61,0,34,0,0,40,0,9,0,13,19,9,20,17,28,6,0,8,21,7,32,2,0,0,31,9,17,85,25,0,50,0,0,,,,,,,,,,,,,,,,,,,,,,,,,,,,,,,,,,,,,,,,,,,,,,,,,,,,,,,,,,,,,,
4/11/2021,62,0,86,74,60,100,0,72,91,0,88,0,0,0,0,38,41,43,12,69,19,77,54,0,41,0,0,20,0,11,0,18,37,7,17,17,36,0,9,15,39,22,0,4,48,30,21,45,4,0,25,0,13,0,0,71,23,86,99,78,74,0,77,82,86,74,100,40,0,27,69,72,50,15,40,40,93,78,0,16,0,0,0,0,19,0,0,0,0,0,16,0,30,61,15,26,21,45,6,4,25,25,54,18,14,33,40,28,44,26,29,10,30,40,0,0,0
4/12/2021,88,22,77,90,70,57,0,76,70,58,43,0,0,0,0,100,50,19,12,67,17,95,55,0,28,0,0,71,0,15,0,26,17,11,18,15,48,0,8,9,28,7,28,5,0,26,37,31,19,0,0,46,0,0,0,,,,,,,,,,,,,,,,,,,,,,,,,,,,,,,,,,,,,,,,,,,,,,,,,,,,,,,,,,,,,,
4/13/2021,71,22,70,67,70,73,0,67,80,77,68,0,0,0,0,25,40,0,14,64,0,78,55,87,39,0,0,53,0,24,0,32,42,21,20,25,35,5,0,20,43,33,28,12,0,26,46,16,15,0,0,0,0,0,0,,,,,,,,,,,,,,,,,,,,,,,,,,,,,,,,,,,,,,,,,,,,,,,,,,,,,,,,,,,,,,
4/14/2021,54,0,83,71,0,70,0,67,91,62,41,100,0,0,0,27,50,40,9,71,18,84,31,0,36,0,0,76,0,13,0,24,23,13,26,13,20,0,0,20,20,7,30,11,22,0,39,42,12,0,0,0,48,0,0,,,,,,,,,,,,,,,,,,,,,,,,,,,,,,,,,,,,,,,,,,,,,,,,,,,,,,,,,,,,,,
4/15/2021,43,0,75,69,37,85,0,72,69,0,67,0,0,0,0,62,32,40,10,49,18,79,39,0,24,0,0,19,0,9,0,16,9,12,16,13,17,6,17,17,13,14,30,11,22,0,29,17,8,0,24,0,60,0,0,,,,,,,,,,,,,,,,,,,,,,,,,,,,,,,,,,,,,,,,,,,,,,,,,,,,,,,,,,,,,,
4/16/2021,33,0,67,68,36,53,0,51,57,100,45,48,0,0,0,34,42,0,7,41,0,70,30,0,23,0,0,0,0,8,0,9,30,8,5,19,20,6,0,19,25,0,29,0,21,27,38,40,23,0,46,0,0,0,0,,,,,,,,,,,,,,,,,,,,,,,,,,,,,,,,,,,,,,,,,,,,,,,,,,,,,,,,,,,,,,
4/17/2021,43,0,68,61,19,47,0,60,61,21,64,0,0,0,47,37,30,62,8,51,0,71,61,0,34,0,0,0,0,10,0,11,26,8,12,10,32,6,0,17,7,15,0,10,0,0,20,26,12,0,0,0,25,0,0,,,,,,,,,,,,,,,,,,,,,,,,,,,,,,,,,,,,,,,,,,,,,,,,,,,,,,,,,,,,,,
4/18/2021,30,0,91,71,19,75,0,83,73,86,48,0,0,0,47,46,48,63,10,51,0,86,73,0,19,0,0,60,0,7,0,10,23,8,19,3,21,18,0,10,31,15,0,6,0,0,41,35,4,0,0,0,75,0,0,49,58,90,90,20,64,0,70,56,59,76,0,41,0,68,91,71,100,14,42,60,94,81,0,18,0,0,0,0,15,0,0,0,0,0,28,0,39,66,30,48,44,73,18,13,32,32,60,36,23,11,48,43,40,22,0,15,0,53,0,0,0
4/19/2021,40,44,81,79,53,60,0,94,81,59,54,0,0,0,0,34,42,57,11,62,17,95,100,0,34,0,0,18,0,29,0,34,22,30,22,50,48,16,17,29,25,7,29,14,0,53,37,40,15,0,23,0,34,0,0,,,,,,,,,,,,,,,,,,,,,,,,,,,,,,,,,,,,,,,,,,,,,,,,,,,,,,,,,,,,,,
4/20/2021,36,0,73,68,18,35,0,50,51,78,49,0,0,0,0,68,38,57,10,65,69,93,81,0,28,0,0,0,0,41,0,48,21,48,48,44,93,5,0,28,34,47,0,30,0,26,56,32,34,0,0,0,57,0,0,,,,,,,,,,,,,,,,,,,,,,,,,,,,,,,,,,,,,,,,,,,,,,,,,,,,,,,,,,,,,,
4/21/2021,32,0,74,70,0,59,0,54,50,58,73,0,0,0,0,42,35,0,12,70,0,78,29,0,39,0,0,0,0,19,0,29,29,27,28,40,70,11,0,17,25,7,0,22,21,0,37,0,23,0,0,0,56,0,0,,,,,,,,,,,,,,,,,,,,,,,,,,,,,,,,,,,,,,,,,,,,,,,,,,,,,,,,,,,,,,
4/22/2021,36,46,65,67,18,50,0,64,58,82,66,0,0,0,45,44,34,20,10,52,0,67,46,0,32,0,0,38,0,20,0,16,88,18,15,26,64,6,43,24,33,0,0,26,44,28,19,25,4,0,24,0,0,0,0,,,,,,,,,,,,,,,,,,,,,,,,,,,,,,,,,,,,,,,,,,,,,,,,,,,,,,,,,,,,,,
4/23/2021,52,0,67,73,0,33,0,39,52,44,55,0,0,0,0,38,48,43,10,24,0,67,59,0,41,0,0,20,0,15,0,14,41,16,14,21,62,6,9,17,32,38,0,16,48,0,21,54,0,0,51,0,13,0,0,,,,,,,,,,,,,,,,,,,,,,,,,,,,,,,,,,,,,,,,,,,,,,,,,,,,,,,,,,,,,,
4/24/2021,28,0,74,72,19,34,0,47,50,21,69,0,100,0,46,37,38,0,7,37,19,66,52,0,49,0,0,20,0,13,0,9,45,12,15,24,38,6,27,17,37,14,31,15,23,0,10,60,25,0,0,0,12,0,0,,,,,,,,,,,,,,,,,,,,,,,,,,,,,,,,,,,,,,,,,,,,,,,,,,,,,,,,,,,,,,
4/25/2021,30,24,89,55,0,49,0,34,39,42,53,0,0,0,0,37,36,21,12,67,0,64,68,0,31,0,0,0,0,15,0,12,26,16,7,17,21,6,18,18,14,29,0,15,0,0,20,26,21,0,0,0,0,0,0,31,0,79,69,10,39,0,58,55,50,59,0,0,0,13,72,55,56,39,37,46,68,61,0,15,4,0,0,0,22,0,0,0,0,0,16,0,17,100,17,23,23,33,18,42,20,17,54,54,14,55,24,13,48,13,0,20,0,31,29,0,0
4/26/2021,35,0,64,58,17,30,0,33,45,19,14,0,0,0,42,41,39,19,16,100,68,68,44,0,30,0,0,0,0,12,0,12,42,11,15,37,38,0,32,31,40,20,0,10,42,26,55,39,22,0,0,0,0,0,0,,,,,,,,,,,,,,,,,,,,,,,,,,,,,,,,,,,,,,,,,,,,,,,,,,,,,,,,,,,,,,
4/27/2021,29,23,66,62,0,35,0,34,53,0,36,0,0,0,0,44,36,60,17,75,36,71,55,0,21,100,0,0,0,9,0,14,36,11,18,39,30,6,17,18,30,7,30,18,0,28,0,42,0,0,0,0,12,0,0,,,,,,,,,,,,,,,,,,,,,,,,,,,,,,,,,,,,,,,,,,,,,,,,,,,,,,,,,,,,,,
4/28/2021,44,0,59,61,0,21,0,40,42,40,40,0,0,0,0,9,28,20,18,51,36,60,42,91,41,0,0,37,0,16,0,16,46,19,21,19,27,6,43,19,19,7,89,14,0,27,10,49,20,0,0,0,0,0,0,,,,,,,,,,,,,,,,,,,,,,,,,,,,,,,,,,,,,,,,,,,,,,,,,,,,,,,,,,,,,,
4/29/2021,23,0,65,43,0,28,0,40,16,61,50,0,0,0,0,35,23,79,28,51,18,51,11,0,20,0,0,75,0,14,0,8,28,19,13,10,13,0,0,11,16,14,59,7,22,55,0,25,12,0,23,0,12,0,0,,,,,,,,,,,,,,,,,,,,,,,,,,,,,,,,,,,,,,,,,,,,,,,,,,,,,,,,,,,,,,
4/30/2021,23,0,70,45,0,36,0,44,31,40,60,0,0,0,0,9,23,19,54,44,0,57,38,0,32,0,0,55,0,9,0,16,100,8,17,13,23,11,51,14,26,7,0,7,0,0,10,24,8,79,69,0,0,46,0,,,,,,,,,,,,,,,,,,,,,,,,,,,,,,,,,,,,,,,,,,,,,,,,,,,,,,,,,,,,,,
5/1/2021,23,0,73,45,0,37,0,30,23,22,16,0,0,0,0,19,40,21,51,31,0,54,62,0,41,0,0,20,0,5,0,6,57,7,7,10,18,24,28,9,21,22,32,10,24,0,10,18,21,0,0,0,0,51,0,,,,,,,,,,,,,,,,,,,,,,,,,,,,,,,,,,,,,,,,,,,,,,,,,,,,,,,,,,,,,,
5/2/2021,33,25,58,51,20,23,0,46,51,44,22,0,0,0,0,28,36,42,61,48,39,56,33,0,25,0,0,40,0,8,0,9,38,10,17,10,18,0,18,10,38,15,0,8,0,0,0,9,8,0,25,0,0,51,0,43,23,57,72,14,27,0,25,41,31,38,0,0,0,13,41,47,43,100,37,92,56,38,0,15,0,0,0,0,11,0,0,0,0,0,10,0,16,71,11,21,13,21,10,26,15,26,20,18,10,0,32,25,52,14,0,19,0,30,28,0,0
5/3/2021,27,22,46,59,0,33,0,18,20,58,14,0,0,0,0,33,32,0,60,27,0,55,40,0,53,0,0,36,0,7,0,13,42,7,12,9,9,0,16,7,37,13,0,14,21,0,28,31,15,0,44,0,11,45,0,,,,,,,,,,,,,,,,,,,,,,,,,,,,,,,,,,,,,,,,,,,,,,,,,,,,,,,,,,,,,,
5/4/2021,24,22,48,63,35,33,0,30,30,20,44,0,0,0,0,8,33,19,67,37,35,49,41,0,31,0,0,54,0,7,0,14,24,5,11,16,26,0,16,7,25,0,0,9,0,0,65,16,19,0,0,0,34,0,0,,,,,,,,,,,,,,,,,,,,,,,,,,,,,,,,,,,,,,,,,,,,,,,,,,,,,,,,,,,,,,
5/5/2021,34,0,48,61,0,11,0,17,48,20,36,0,0,0,0,18,33,40,100,39,54,57,27,0,23,0,0,0,0,13,0,16,30,11,13,13,10,6,9,10,23,7,30,4,22,0,0,41,8,0,23,0,12,0,0,,,,,,,,,,,,,,,,,,,,,,,,,,,,,,,,,,,,,,,,,,,,,,,,,,,,,,,,,,,,,,
5/6/2021,32,0,48,55,0,23,0,14,31,20,15,0,0,0,0,26,27,20,95,51,18,50,38,90,23,0,0,0,0,9,0,9,35,7,13,3,26,0,17,8,22,7,30,20,0,0,10,41,8,0,0,0,0,0,0,,,,,,,,,,,,,,,,,,,,,,,,,,,,,,,,,,,,,,,,,,,,,,,,,,,,,,,,,,,,,,
5/7/2021,26,23,54,44,18,17,0,23,42,0,25,0,0,0,0,43,28,0,60,54,0,42,11,0,26,0,0,19,0,8,0,13,30,9,14,13,7,0,34,11,13,0,59,9,0,0,19,65,12,0,0,0,0,0,0,,,,,,,,,,,,,,,,,,,,,,,,,,,,,,,,,,,,,,,,,,,,,,,,,,,,,,,,,,,,,,
5/8/2021,27,0,37,48,0,14,0,16,15,39,19,0,0,0,0,25,21,19,40,43,52,45,7,0,25,0,0,36,0,5,0,6,27,5,5,6,6,0,0,8,9,7,29,7,0,0,28,16,4,0,23,0,11,0,0,,,,,,,,,,,,,,,,,,,,,,,,,,,,,,,,,,,,,,,,,,,,,,,,,,,,,,,,,,,,,,
5/9/2021,29,0,52,54,0,9,0,16,29,0,17,0,0,0,0,10,42,22,36,32,59,46,38,0,23,0,0,0,0,6,0,5,18,3,7,7,18,0,0,5,21,0,33,10,0,0,0,9,0,0,0,0,0,0,0,36,25,52,74,11,25,0,19,28,15,35,0,0,0,0,59,50,48,48,28,44,53,39,0,17,0,0,0,0,0,0,0,0,0,0,12,0,15,53,12,18,10,27,4,12,16,25,14,10,10,12,18,16,63,9,32,11,0,29,0,0,0
5/10/2021,17,0,48,54,0,21,0,23,34,0,43,0,0,0,0,19,42,42,55,38,19,48,20,0,44,0,0,20,0,9,0,6,15,9,5,3,14,0,9,9,28,22,32,8,0,0,0,35,0,0,0,0,25,0,0,,,,,,,,,,,,,,,,,,,,,,,,,,,,,,,,,,,,,,,,,,,,,,,,,,,,,,,,,,,,,,
5/11/2021,9,22,35,48,0,25,0,7,15,39,10,0,0,0,0,76,29,38,40,46,34,38,33,0,28,0,0,0,0,5,0,3,22,4,5,3,3,0,8,10,12,7,29,14,0,26,37,16,26,0,22,0,0,0,0,,,,,,,,,,,,,,,,,,,,,,,,,,,,,,,,,,,,,,,,,,,,,,,,,,,,,,,,,,,,,,
5/12/2021,34,0,50,53,0,17,0,8,29,0,11,0,0,0,0,49,24,22,23,36,60,42,26,0,20,0,0,0,0,7,0,18,30,10,21,14,26,0,0,10,22,8,33,8,0,0,0,64,9,0,0,0,13,0,0,,,,,,,,,,,,,,,,,,,,,,,,,,,,,,,,,,,,,,,,,,,,,,,,,,,,,,,,,,,,,,
5/13/2021,16,0,45,54,0,19,0,24,26,25,25,0,0,0,0,22,24,25,25,36,0,38,24,0,15,0,0,0,0,14,0,11,36,9,12,28,38,0,21,12,28,9,0,18,0,0,24,0,10,100,0,0,0,0,0,,,,,,,,,,,,,,,,,,,,,,,,,,,,,,,,,,,,,,,,,,,,,,,,,,,,,,,,,,,,,,
5/14/2021,24,0,44,55,0,19,0,26,13,0,44,0,0,0,0,32,31,24,28,63,44,52,47,0,14,0,0,23,0,17,0,13,33,18,16,0,45,14,0,24,16,0,0,9,0,0,12,20,10,0,0,0,29,0,0,,,,,,,,,,,,,,,,,,,,,,,,,,,,,,,,,,,,,,,,,,,,,,,,,,,,,,,,,,,,,,
5/15/2021,10,0,40,54,0,21,0,10,28,0,33,0,0,0,0,9,24,21,20,52,19,44,17,0,38,0,0,0,0,8,0,7,19,9,10,7,14,0,0,8,7,15,0,10,0,0,21,71,4,0,0,0,0,0,0,,,,,,,,,,,,,,,,,,,,,,,,,,,,,,,,,,,,,,,,,,,,,,,,,,,,,,,,,,,,,,
5/16/2021,26,0,45,60,0,24,0,27,36,23,35,0,0,0,0,30,36,22,21,58,20,53,22,0,37,0,0,0,0,12,0,11,22,15,16,11,11,0,20,17,18,16,68,16,0,31,33,56,22,0,0,0,27,0,0,37,0,40,60,0,21,0,17,26,29,30,0,0,0,14,33,40,53,28,24,57,50,47,0,18,0,0,0,0,7,0,0,0,0,0,19,0,22,53,16,25,18,33,8,17,26,22,44,48,20,94,34,34,38,30,0,21,0,61,62,0,0
5/17/2021,30,0,42,44,19,27,0,7,17,43,16,0,0,0,0,18,22,21,28,47,38,39,24,0,31,0,0,0,0,10,0,13,15,13,8,17,10,6,27,18,31,14,0,9,23,0,30,17,21,0,0,0,12,0,0,,,,,,,,,,,,,,,,,,,,,,,,,,,,,,,,,,,,,,,,,,,,,,,,,,,,,,,,,,,,,,
5/18/2021,22,0,40,46,0,7,0,12,5,0,42,0,0,0,0,18,21,41,21,26,0,45,32,0,69,0,0,0,0,17,0,25,24,12,17,23,24,0,18,11,30,7,0,13,23,28,80,9,4,0,0,0,12,49,0,,,,,,,,,,,,,,,,,,,,,,,,,,,,,,,,,,,,,,,,,,,,,,,,,,,,,,,,,,,,,,
5/19/2021,21,0,39,47,0,13,0,28,19,24,42,0,0,0,0,0,22,0,14,15,21,41,14,0,31,0,0,22,0,13,0,16,15,13,9,23,12,0,10,19,19,16,0,21,0,0,0,29,9,0,0,0,14,56,0,,,,,,,,,,,,,,,,,,,,,,,,,,,,,,,,,,,,,,,,,,,,,,,,,,,,,,,,,,,,,,
5/20/2021,21,0,35,40,0,30,0,15,23,22,33,0,0,0,0,10,19,43,22,38,0,45,38,0,54,0,0,0,0,17,0,17,21,22,14,4,18,0,28,18,14,23,0,16,0,30,32,9,17,0,26,0,26,0,0,,,,,,,,,,,,,,,,,,,,,,,,,,,,,,,,,,,,,,,,,,,,,,,,,,,,,,,,,,,,,,
5/21/2021,11,0,28,40,0,14,0,17,0,43,21,0,0,0,0,9,25,62,15,34,57,39,12,0,49,0,0,40,0,11,0,14,32,8,14,17,35,6,9,21,10,7,31,4,23,0,31,44,4,0,0,0,12,0,0,,,,,,,,,,,,,,,,,,,,,,,,,,,,,,,,,,,,,,,,,,,,,,,,,,,,,,,,,,,,,,
5/22/2021,20,0,42,41,0,12,0,5,24,0,6,0,0,0,0,30,25,23,16,26,41,39,22,0,23,0,0,0,0,16,0,16,35,17,9,30,19,7,0,25,30,8,0,15,50,32,33,57,18,0,27,0,14,0,0,,,,,,,,,,,,,,,,,,,,,,,,,,,,,,,,,,,,,,,,,,,,,,,,,,,,,,,,,,,,,,
5/23/2021,34,28,39,42,0,16,0,14,19,0,49,0,0,0,0,11,23,48,15,19,43,41,9,0,39,0,0,0,0,12,0,13,47,14,14,8,16,14,0,17,16,17,72,11,0,0,70,50,14,0,0,0,28,0,0,30,13,39,52,0,19,89,19,12,15,36,0,0,0,15,26,35,62,19,21,59,45,20,1,21,0,0,0,0,10,0,0,0,0,0,14,0,14,60,14,26,10,35,9,12,19,24,40,30,15,12,9,19,51,16,0,16,66,5,0,0,0
5/24/2021,20,0,26,34,0,16,0,16,35,0,17,0,0,0,0,19,21,22,17,39,20,39,8,100,35,0,0,41,0,12,0,9,18,9,7,4,15,0,0,11,36,30,0,12,0,0,11,36,13,0,0,0,13,0,0,,,,,,,,,,,,,,,,,,,,,,,,,,,,,,,,,,,,,,,,,,,,,,,,,,,,,,,,,,,,,,
5/25/2021,18,25,27,42,0,14,100,10,29,0,22,0,0,0,49,0,27,22,16,46,0,38,25,0,29,0,0,0,0,12,0,5,22,13,5,11,26,6,9,13,14,15,33,14,0,30,11,9,0,0,0,0,13,0,0,,,,,,,,,,,,,,,,,,,,,,,,,,,,,,,,,,,,,,,,,,,,,,,,,,,,,,,,,,,,,,
5/26/2021,27,0,34,38,0,14,0,18,28,0,16,0,0,0,0,19,20,0,16,35,0,31,25,0,25,0,0,0,0,14,0,8,27,11,3,14,25,6,19,16,21,30,0,10,0,30,31,45,8,0,0,0,0,0,0,,,,,,,,,,,,,,,,,,,,,,,,,,,,,,,,,,,,,,,,,,,,,,,,,,,,,,,,,,,,,,
5/27/2021,19,25,22,39,0,9,0,25,17,0,16,0,0,0,0,0,14,21,14,31,19,38,8,0,28,0,0,40,0,11,0,10,23,9,19,7,18,0,0,19,21,22,32,20,0,30,10,62,13,0,0,0,0,0,0,,,,,,,,,,,,,,,,,,,,,,,,,,,,,,,,,,,,,,,,,,,,,,,,,,,,,,,,,,,,,,
5/28/2021,31,0,41,36,20,9,0,13,29,45,33,0,0,0,0,10,16,43,10,39,59,31,29,0,26,0,0,0,0,8,0,9,16,7,12,4,29,0,9,12,18,0,33,16,0,0,11,54,9,0,26,53,13,0,0,,,,,,,,,,,,,,,,,,,,,,,,,,,,,,,,,,,,,,,,,,,,,,,,,,,,,,,,,,,,,,
5/29/2021,35,0,28,34,21,17,0,14,12,0,23,0,0,0,0,10,25,23,13,55,21,37,13,0,37,0,0,0,0,11,0,9,31,14,11,4,19,0,0,11,15,16,34,10,0,32,0,28,14,0,0,0,41,0,0,,,,,,,,,,,,,,,,,,,,,,,,,,,,,,,,,,,,,,,,,,,,,,,,,,,,,,,,,,,,,,
5/30/2021,13,27,41,39,0,8,0,8,25,24,12,0,0,0,0,32,19,0,17,50,43,42,28,0,25,0,0,0,0,7,0,8,26,3,13,8,16,0,31,13,8,8,0,9,26,0,23,40,5,0,0,0,14,0,0,28,26,40,44,11,20,0,12,20,20,34,0,0,0,30,17,30,41,19,25,37,45,33,0,18,2,0,0,0,19,0,0,0,0,0,21,0,28,43,24,39,20,33,11,29,29,27,35,60,21,37,44,28,34,24,0,5,0,29,0,0,0
5/31/2021,21,23,35,34,0,13,0,19,5,20,15,0,0,0,0,18,26,20,16,42,0,39,27,0,53,0,0,38,0,8,0,9,30,9,13,3,13,0,0,15,16,42,0,4,0,0,0,8,20,0,24,0,12,0,0,,,,,,,,,,,,,,,,,,,,,,,,,,,,,,,,,,,,,,,,,,,,,,,,,,,,,,,,,,,,,,
6/1/2021,34,24,34,35,0,20,0,17,6,0,27,0,0,0,0,28,17,21,14,44,0,40,28,0,31,0,0,40,0,29,0,35,19,33,29,51,46,6,18,25,38,7,0,29,23,87,20,9,29,85,0,0,12,0,0,,,,,,,,,,,,,,,,,,,,,,,,,,,,,,,,,,,,,,,,,,,,,,,,,,,,,,,,,,,,,,
6/2/2021,25,0,30,34,0,14,0,8,17,0,27,0,0,0,0,19,19,42,13,41,77,43,20,0,22,0,0,20,0,20,0,26,21,24,43,38,28,0,0,17,28,7,32,17,47,0,41,26,29,0,0,0,25,0,0,,,,,,,,,,,,,,,,,,,,,,,,,,,,,,,,,,,,,,,,,,,,,,,,,,,,,,,,,,,,,,
6/3/2021,33,25,29,31,0,9,0,10,6,0,17,0,0,0,0,10,11,0,10,28,0,32,8,0,48,0,0,20,0,18,0,22,14,19,17,35,47,6,0,11,39,0,0,18,24,30,32,27,26,0,25,0,13,0,0,,,,,,,,,,,,,,,,,,,,,,,,,,,,,,,,,,,,,,,,,,,,,,,,,,,,,,,,,,,,,,
6/4/2021,32,0,30,29,20,17,0,16,6,0,23,0,0,0,0,0,19,22,11,25,20,34,21,0,36,0,0,0,25,19,0,19,20,15,5,11,34,0,0,10,25,15,100,18,0,0,11,9,9,89,0,0,0,0,0,,,,,,,,,,,,,,,,,,,,,,,,,,,,,,,,,,,,,,,,,,,,,,,,,,,,,,,,,,,,,,
6/5/2021,36,0,36,36,0,19,0,15,47,52,26,0,0,0,0,11,13,0,12,33,0,47,10,0,26,0,0,24,0,16,0,13,20,18,4,17,21,7,11,15,29,18,38,19,0,35,12,32,5,0,0,0,30,0,0,,,,,,,,,,,,,,,,,,,,,,,,,,,,,,,,,,,,,,,,,,,,,,,,,,,,,,,,,,,,,,
6/6/2021,28,0,28,36,0,16,0,12,0,50,12,0,0,0,0,0,23,0,10,39,0,42,5,0,18,0,0,0,0,25,0,27,17,30,18,16,41,0,32,16,12,8,37,29,0,0,36,30,14,0,0,0,14,0,0,47,0,35,44,11,20,0,19,15,10,22,0,0,0,45,31,34,41,13,25,59,58,41,0,17,0,0,0,0,12,0,0,0,0,0,46,0,46,44,45,46,51,58,20,15,49,55,61,30,40,73,9,30,58,50,64,5,100,39,0,0,0
6/7/2021,22,0,30,30,20,19,0,16,23,22,17,0,0,0,0,10,10,0,11,39,0,40,25,0,29,0,0,0,0,20,0,10,25,30,25,28,26,0,9,24,39,8,33,20,0,0,11,55,22,0,0,53,13,0,0,,,,,,,,,,,,,,,,,,,,,,,,,,,,,,,,,,,,,,,,,,,,,,,,,,,,,,,,,,,,,,
6/8/2021,21,0,33,35,0,7,0,8,11,22,11,0,0,0,0,19,19,0,14,21,0,41,13,0,41,0,0,0,0,27,0,21,14,28,23,11,18,6,19,21,46,15,32,34,0,0,11,63,39,0,26,53,0,0,0,,,,,,,,,,,,,,,,,,,,,,,,,,,,,,,,,,,,,,,,,,,,,,,,,,,,,,,,,,,,,,
6/9/2021,36,0,26,31,20,10,0,32,12,0,45,0,0,0,50,10,14,0,9,32,100,44,38,0,52,0,0,21,0,41,0,33,26,33,32,36,22,6,19,46,65,23,0,36,24,31,22,83,18,0,0,0,0,0,0,,,,,,,,,,,,,,,,,,,,,,,,,,,,,,,,,,,,,,,,,,,,,,,,,,,,,,,,,,,,,,
6/10/2021,51,0,31,34,0,19,0,18,17,0,22,0,0,0,0,19,21,22,12,24,0,60,25,0,41,0,0,0,0,50,0,53,10,38,53,49,58,12,19,39,39,53,0,45,24,0,42,36,43,0,0,0,0,0,0,,,,,,,,,,,,,,,,,,,,,,,,,,,,,,,,,,,,,,,,,,,,,,,,,,,,,,,,,,,,,,
6/11/2021,37,0,30,31,0,5,0,13,11,22,11,0,0,0,0,10,15,86,5,21,0,59,54,0,38,0,0,0,0,41,0,36,17,34,45,35,47,12,19,34,81,30,0,47,0,0,32,54,43,0,25,0,13,0,0,,,,,,,,,,,,,,,,,,,,,,,,,,,,,,,,,,,,,,,,,,,,,,,,,,,,,,,,,,,,,,
6/12/2021,22,0,35,33,68,13,0,17,6,25,0,0,0,0,55,22,18,24,7,47,66,54,33,0,69,0,0,0,0,42,0,35,11,48,32,32,41,14,0,46,64,34,0,36,27,0,24,81,24,0,0,0,29,0,0,,,,,,,,,,,,,,,,,,,,,,,,,,,,,,,,,,,,,,,,,,,,,,,,,,,,,,,,,,,,,,
6/13/2021,32,26,37,42,21,20,0,21,12,0,23,0,0,0,0,10,22,0,6,40,20,63,26,0,27,0,0,43,0,67,0,48,30,82,66,74,84,19,29,58,100,31,68,68,100,0,33,66,40,0,0,0,27,0,0,69,13,44,56,11,21,0,18,22,15,24,0,0,0,30,23,31,41,10,19,22,86,63,0,25,0,0,0,1,14,0,0,0,0,4,100,0,100,88,100,100,100,100,37,100,100,100,89,100,100,97,62,71,79,100,63,65,66,88,63,0,0
6/14/2021,55,24,39,46,0,4,0,17,11,0,16,0,0,0,0,27,16,20,7,63,0,79,24,0,39,0,0,0,0,58,0,48,48,73,60,70,79,18,27,68,74,21,62,56,0,0,70,43,57,0,0,100,49,0,0,,,,,,,,,,,,,,,,,,,,,,,,,,,,,,,,,,,,,,,,,,,,,,,,,,,,,,,,,,,,,,
6/15/2021,61,0,36,41,58,14,0,33,17,0,32,0,0,0,0,9,12,21,10,41,19,95,49,0,31,0,0,20,0,92,0,75,51,100,92,69,56,18,100,75,93,22,32,100,23,0,0,70,63,85,50,0,50,100,0,,,,,,,,,,,,,,,,,,,,,,,,,,,,,,,,,,,,,,,,,,,,,,,,,,,,,,,,,,,,,,
6/16/2021,35,24,36,47,0,27,0,24,11,21,10,0,0,0,0,9,19,41,8,20,56,85,36,0,45,0,0,19,0,100,0,100,33,91,100,87,100,12,44,73,91,100,92,81,45,57,100,68,61,0,48,0,12,98,0,,,,,,,,,,,,,,,,,,,,,,,,,,,,,,,,,,,,,,,,,,,,,,,,,,,,,,,,,,,,,,
6/17/2021,47,25,34,47,0,17,0,10,12,0,22,0,0,0,49,19,17,22,8,32,0,72,30,0,55,0,0,0,0,98,0,74,37,73,48,100,81,13,76,83,82,30,0,84,97,0,96,55,100,0,52,0,0,0,0,,,,,,,,,,,,,,,,,,,,,,,,,,,,,,,,,,,,,,,,,,,,,,,,,,,,,,,,,,,,,,
6/18/2021,27,0,29,39,0,14,0,8,12,0,17,0,0,0,98,0,13,0,6,28,0,63,34,0,61,0,0,41,0,70,0,63,31,40,41,68,66,12,9,53,72,23,33,66,24,30,96,100,56,0,52,0,0,0,0,,,,,,,,,,,,,,,,,,,,,,,,,,,,,,,,,,,,,,,,,,,,,,,,,,,,,,,,,,,,,,
6/19/2021,50,28,51,32,0,13,0,9,13,0,12,0,0,0,0,21,22,0,6,43,0,59,9,0,72,0,0,0,28,53,0,43,33,36,33,28,33,7,10,31,67,68,36,46,27,34,95,81,19,0,57,0,43,0,0,,,,,,,,,,,,,,,,,,,,,,,,,,,,,,,,,,,,,,,,,,,,,,,,,,,,,,,,,,,,,,
6/20/2021,24,0,41,37,0,16,0,14,19,0,25,0,0,0,54,32,17,72,5,19,44,55,14,0,92,0,0,23,0,54,0,50,35,42,58,39,53,0,42,37,31,25,0,51,0,100,94,30,33,0,57,0,100,0,0,51,26,39,47,17,20,0,21,20,21,25,0,0,0,30,38,34,42,11,20,0,65,59,0,100,0,0,0,33,39,0,0,0,0,63,69,90,69,60,53,72,67,62,100,55,69,73,100,72,63,100,100,100,94,52,33,100,34,100,0,33,53
6/21/2021,30,0,38,33,0,18,0,10,11,22,38,0,0,0,47,0,17,0,10,34,19,63,37,0,94,0,48,100,73,45,0,41,21,39,38,79,57,30,9,48,69,22,0,39,70,59,62,62,38,0,100,0,38,0,0,,,,,,,,,,,,,,,,,,,,,,,,,,,,,,,,,,,,,,,,,,,,,,,,,,,,,,,,,,,,,,
6/22/2021,37,0,29,37,0,31,0,23,6,0,28,0,0,0,49,10,16,22,8,21,40,55,17,0,100,0,100,41,100,47,100,52,20,42,39,36,59,100,47,59,61,30,33,58,72,61,64,36,43,0,26,0,65,0,100,,,,,,,,,,,,,,,,,,,,,,,,,,,,,,,,,,,,,,,,,,,,,,,,,,,,,,,,,,,,,,
